<?xml version="1.0" encoding="UTF-8" ?> 
<beans xmlns="http://www.springframework.org/schema/beans"
	xmlns:context="http://www.springframework.org/schema/context"
	xmlns:xsi="http://www.w3.org/2001/XMLSchema-instance" xmlns:mvc="http://www.springframework.org/schema/mvc"
	xmlns:tx="http://www.springframework.org/schema/tx"
	xsi:schemaLocation="
        http://www.springframework.org/schema/beans
        http://www.springframework.org/schema/beans/spring-beans.xsd
        http://www.springframework.org/schema/context
        http://www.springframework.org/schema/context/spring-context.xsd
        http://www.springframework.org/schema/mvc
        http://www.springframework.org/schema/mvc/spring-mvc.xsd
        http://www.springframework.org/schema/tx
        http://www.springframework.org/schema/tx/spring-tx.xsd">

	<bean class="org.springframework.web.servlet.view.InternalResourceViewResolver">
		<property name="prefix">
			<value>/WEB-INF/pages/</value>
		</property>
		<property name="suffix">
			<value>.jsp</value>
		</property>
	</bean>
	
	<bean id="dataSource" class="org.springframework.jdbc.datasource.DriverManagerDataSource">
			<property name="driverClassName" value="com.mysql.cj.jdbc.Driver" />
			<property name="url" value="jdbc:mysql://localhost:3306/payroll" />
			<property name="username" value="root" />
			<property name="password" value="root" />
	</bean>
	
	<bean id="jdbcTemplate" class="org.springframework.jdbc.core.JdbcTemplate">
  			<property name="dataSource" ref="dataSource"></property>
  	</bean>
	
	<bean id="sessionFactoryBean" class="org.springframework.orm.hibernate4.LocalSessionFactoryBean">
    	<property name="dataSource" ref="dataSource"></property>
    	<property name="annotatedClasses">
    		<list>
    			<value>com.citiustech.model.Employee</value>
    		</list>
    	</property>
    	<property name="hibernateProperties">
    		<props>
    			<prop key="hibernate.dialect">org.hibernate.dialect.MySQLDialect</prop>
    			<prop key="hibernate.show_sql">true</prop>
    		</props>
    	</property>
     </bean>
     
     <bean id="hibernateTransactionManager" class="org.springframework.orm.hibernate4.HibernateTransactionManager">
		<property name="sessionFactory" ref="sessionFactoryBean"></property>
	 </bean>
     
     <tx:annotation-driven transaction-manager="hibernateTransactionManager"/>
     
     	
	<context:component-scan base-package="com.citiustech.*" />
	<mvc:annotation-driven />
</beans>
 
 
 
 
 
 
 
 
 
 
 
 
 